DEBUG,layers,"['10_points_worldwide', '100_points_worldwide', '1k_points_worldwide', '10k_points_worldwide', '100k_points_worldwide', '1m_points_worldwide']"
pre_process,MappablePoint,10_points_worldwide,1.3e-05,{},{}
database_delta_info,MappablePoint,10_points_worldwide,13096056,13096056,0
get_points_as_geojson,MappablePoint,10_points_worldwide,10,0.002253,"{'bbox': [-180, -90, 180, 90]}",{}
get_points_as_wkt,MappablePoint,10_points_worldwide,10,0.001444,"{'bbox': [-180, -90, 180, 90]}",{}
get_points_as_geojson_str,MappablePoint,10_points_worldwide,1450,0.001906,"{'bbox': [-180, -90, 180, 90]}",{}
get_points_as_wkt_str,MappablePoint,10_points_worldwide,436,0.001382,"{'bbox': [-180, -90, 180, 90]}",{}
get_points_as_geojson,MappablePoint,10_points_worldwide,10,0.001379,"{'bbox': [113, -43, 153, -10]}",{}
get_points_as_wkt,MappablePoint,10_points_worldwide,10,0.001312,"{'bbox': [113, -43, 153, -10]}",{}
get_points_as_geojson_str,MappablePoint,10_points_worldwide,1450,0.00154,"{'bbox': [113, -43, 153, -10]}",{}
get_points_as_wkt_str,MappablePoint,10_points_worldwide,436,0.001356,"{'bbox': [113, -43, 153, -10]}",{}
get_points_as_geojson,MappablePoint,10_points_worldwide,10,0.001346,"{'bbox': [137.834, -10.7, 153.513336, -28.17]}",{}
get_points_as_wkt,MappablePoint,10_points_worldwide,10,0.0013189999999999999,"{'bbox': [137.834, -10.7, 153.513336, -28.17]}",{}
get_points_as_geojson_str,MappablePoint,10_points_worldwide,1450,0.001578,"{'bbox': [137.834, -10.7, 153.513336, -28.17]}",{}
get_points_as_wkt_str,MappablePoint,10_points_worldwide,436,0.001323,"{'bbox': [137.834, -10.7, 153.513336, -28.17]}",{}
pre_process,GriddedMappablePoint,10_points_worldwide,1.2e-05,{},{}
database_delta_info,GriddedMappablePoint,10_points_worldwide,13120632,13120632,0
get_points_as_geojson,GriddedMappablePoint,10_points_worldwide,10,0.0025169999999999997,"{'bbox': [-180, -90, 180, 90]}",{}
get_points_as_wkt,GriddedMappablePoint,10_points_worldwide,10,0.001695,"{'bbox': [-180, -90, 180, 90]}",{}
get_points_as_geojson_str,GriddedMappablePoint,10_points_worldwide,1450,0.001939,"{'bbox': [-180, -90, 180, 90]}",{}
get_points_as_wkt_str,GriddedMappablePoint,10_points_worldwide,436,0.00174,"{'bbox': [-180, -90, 180, 90]}",{}
get_points_as_geojson,GriddedMappablePoint,10_points_worldwide,10,0.001745,"{'bbox': [113, -43, 153, -10]}",{}
get_points_as_wkt,GriddedMappablePoint,10_points_worldwide,10,0.001696,"{'bbox': [113, -43, 153, -10]}",{}
get_points_as_geojson_str,GriddedMappablePoint,10_points_worldwide,1450,0.0019529999999999999,"{'bbox': [113, -43, 153, -10]}",{}
get_points_as_wkt_str,GriddedMappablePoint,10_points_worldwide,436,0.0017289999999999999,"{'bbox': [113, -43, 153, -10]}",{}
get_points_as_geojson,GriddedMappablePoint,10_points_worldwide,10,0.001964,"{'bbox': [137.834, -10.7, 153.513336, -28.17]}",{}
get_points_as_wkt,GriddedMappablePoint,10_points_worldwide,10,0.0016699999999999998,"{'bbox': [137.834, -10.7, 153.513336, -28.17]}",{}
get_points_as_geojson_str,GriddedMappablePoint,10_points_worldwide,1450,0.001952,"{'bbox': [137.834, -10.7, 153.513336, -28.17]}",{}
get_points_as_wkt_str,GriddedMappablePoint,10_points_worldwide,436,0.001713,"{'bbox': [137.834, -10.7, 153.513336, -28.17]}",{}
pre_process,BoundMappablePoint,10_points_worldwide,1.1e-05,{},{}
database_delta_info,BoundMappablePoint,10_points_worldwide,13137016,13137016,0
get_points_as_geojson,BoundMappablePoint,10_points_worldwide,10,0.002097,"{'bbox': [-180, -90, 180, 90]}",{}
get_points_as_wkt,BoundMappablePoint,10_points_worldwide,10,0.0016929999999999998,"{'bbox': [-180, -90, 180, 90]}",{}
get_points_as_geojson_str,BoundMappablePoint,10_points_worldwide,1450,0.0020109999999999998,"{'bbox': [-180, -90, 180, 90]}",{}
get_points_as_wkt_str,BoundMappablePoint,10_points_worldwide,436,0.001748,"{'bbox': [-180, -90, 180, 90]}",{}
get_points_as_geojson,BoundMappablePoint,10_points_worldwide,0,0.0018839999999999998,"{'bbox': [113, -43, 153, -10]}",{}
get_points_as_wkt,BoundMappablePoint,10_points_worldwide,0,0.0014889999999999999,"{'bbox': [113, -43, 153, -10]}",{}
get_points_as_geojson_str,BoundMappablePoint,10_points_worldwide,45,0.001558,"{'bbox': [113, -43, 153, -10]}",{}
get_points_as_wkt_str,BoundMappablePoint,10_points_worldwide,20,0.001487,"{'bbox': [113, -43, 153, -10]}",{}
get_points_as_geojson,BoundMappablePoint,10_points_worldwide,0,0.0016339999999999998,"{'bbox': [137.834, -10.7, 153.513336, -28.17]}",{}
get_points_as_wkt,BoundMappablePoint,10_points_worldwide,0,0.001501,"{'bbox': [137.834, -10.7, 153.513336, -28.17]}",{}
get_points_as_geojson_str,BoundMappablePoint,10_points_worldwide,45,0.0015689999999999999,"{'bbox': [137.834, -10.7, 153.513336, -28.17]}",{}
get_points_as_wkt_str,BoundMappablePoint,10_points_worldwide,20,0.001519,"{'bbox': [137.834, -10.7, 153.513336, -28.17]}",{}
pre_process,GriddedAndBoundMappablePoint,10_points_worldwide,1.2e-05,{},{}
database_delta_info,GriddedAndBoundMappablePoint,10_points_worldwide,13161592,13161592,0
get_points_as_geojson,GriddedAndBoundMappablePoint,10_points_worldwide,9,0.002593,"{'bbox': [-180, -90, 180, 90]}",{}
get_points_as_wkt,GriddedAndBoundMappablePoint,10_points_worldwide,9,0.002034,"{'bbox': [-180, -90, 180, 90]}",{}
get_points_as_geojson_str,GriddedAndBoundMappablePoint,10_points_worldwide,1310,0.002254,"{'bbox': [-180, -90, 180, 90]}",{}
get_points_as_wkt_str,GriddedAndBoundMappablePoint,10_points_worldwide,395,0.002071,"{'bbox': [-180, -90, 180, 90]}",{}
get_points_as_geojson,GriddedAndBoundMappablePoint,10_points_worldwide,0,0.0018009999999999999,"{'bbox': [113, -43, 153, -10]}",{}
get_points_as_wkt,GriddedAndBoundMappablePoint,10_points_worldwide,0,0.001777,"{'bbox': [113, -43, 153, -10]}",{}
get_points_as_geojson_str,GriddedAndBoundMappablePoint,10_points_worldwide,45,0.002043,"{'bbox': [113, -43, 153, -10]}",{}
get_points_as_wkt_str,GriddedAndBoundMappablePoint,10_points_worldwide,20,0.001794,"{'bbox': [113, -43, 153, -10]}",{}
get_points_as_geojson,GriddedAndBoundMappablePoint,10_points_worldwide,0,0.0018009999999999999,"{'bbox': [137.834, -10.7, 153.513336, -28.17]}",{}
get_points_as_wkt,GriddedAndBoundMappablePoint,10_points_worldwide,0,0.001762,"{'bbox': [137.834, -10.7, 153.513336, -28.17]}",{}
get_points_as_geojson_str,GriddedAndBoundMappablePoint,10_points_worldwide,45,0.0018369999999999999,"{'bbox': [137.834, -10.7, 153.513336, -28.17]}",{}
get_points_as_wkt_str,GriddedAndBoundMappablePoint,10_points_worldwide,20,0.0018449999999999999,"{'bbox': [137.834, -10.7, 153.513336, -28.17]}",{}
pre_process,CachedGriddedAndBoundMappablePoint,10_points_worldwide,0.220664,{},"{'grid_sizes': [0, 0.015, 0.03125, 0.0625, 0.125, 0.25, 0.5, 1, 2, 4, 8, 16, 32, 64, 128], 'grid_sizes_length': 15}"
database_delta_info,CachedGriddedAndBoundMappablePoint,10_points_worldwide,13177976,13243512,65536
get_points_as_geojson,CachedGriddedAndBoundMappablePoint,10_points_worldwide,10,0.003009,"{'bbox': [-180, -90, 180, 90]}","{'grid_sizes': [0, 0.015, 0.03125, 0.0625, 0.125, 0.25, 0.5, 1, 2, 4, 8, 16, 32, 64, 128], 'grid_sizes_length': 15}"
get_points_as_wkt,CachedGriddedAndBoundMappablePoint,10_points_worldwide,10,0.001449,"{'bbox': [-180, -90, 180, 90]}","{'grid_sizes': [0, 0.015, 0.03125, 0.0625, 0.125, 0.25, 0.5, 1, 2, 4, 8, 16, 32, 64, 128], 'grid_sizes_length': 15}"
get_points_as_geojson_str,CachedGriddedAndBoundMappablePoint,10_points_worldwide,1450,0.0017339999999999999,"{'bbox': [-180, -90, 180, 90]}","{'grid_sizes': [0, 0.015, 0.03125, 0.0625, 0.125, 0.25, 0.5, 1, 2, 4, 8, 16, 32, 64, 128], 'grid_sizes_length': 15}"
get_points_as_wkt_str,CachedGriddedAndBoundMappablePoint,10_points_worldwide,436,0.001481,"{'bbox': [-180, -90, 180, 90]}","{'grid_sizes': [0, 0.015, 0.03125, 0.0625, 0.125, 0.25, 0.5, 1, 2, 4, 8, 16, 32, 64, 128], 'grid_sizes_length': 15}"
get_points_as_geojson,CachedGriddedAndBoundMappablePoint,10_points_worldwide,0,0.00132,"{'bbox': [113, -43, 153, -10]}","{'grid_sizes': [0, 0.015, 0.03125, 0.0625, 0.125, 0.25, 0.5, 1, 2, 4, 8, 16, 32, 64, 128], 'grid_sizes_length': 15}"
get_points_as_wkt,CachedGriddedAndBoundMappablePoint,10_points_worldwide,0,0.001292,"{'bbox': [113, -43, 153, -10]}","{'grid_sizes': [0, 0.015, 0.03125, 0.0625, 0.125, 0.25, 0.5, 1, 2, 4, 8, 16, 32, 64, 128], 'grid_sizes_length': 15}"
get_points_as_geojson_str,CachedGriddedAndBoundMappablePoint,10_points_worldwide,45,0.001713,"{'bbox': [113, -43, 153, -10]}","{'grid_sizes': [0, 0.015, 0.03125, 0.0625, 0.125, 0.25, 0.5, 1, 2, 4, 8, 16, 32, 64, 128], 'grid_sizes_length': 15}"
get_points_as_wkt_str,CachedGriddedAndBoundMappablePoint,10_points_worldwide,20,0.001279,"{'bbox': [113, -43, 153, -10]}","{'grid_sizes': [0, 0.015, 0.03125, 0.0625, 0.125, 0.25, 0.5, 1, 2, 4, 8, 16, 32, 64, 128], 'grid_sizes_length': 15}"
get_points_as_geojson,CachedGriddedAndBoundMappablePoint,10_points_worldwide,0,0.001335,"{'bbox': [137.834, -10.7, 153.513336, -28.17]}","{'grid_sizes': [0, 0.015, 0.03125, 0.0625, 0.125, 0.25, 0.5, 1, 2, 4, 8, 16, 32, 64, 128], 'grid_sizes_length': 15}"
get_points_as_wkt,CachedGriddedAndBoundMappablePoint,10_points_worldwide,0,0.0012959999999999998,"{'bbox': [137.834, -10.7, 153.513336, -28.17]}","{'grid_sizes': [0, 0.015, 0.03125, 0.0625, 0.125, 0.25, 0.5, 1, 2, 4, 8, 16, 32, 64, 128], 'grid_sizes_length': 15}"
get_points_as_geojson_str,CachedGriddedAndBoundMappablePoint,10_points_worldwide,45,0.001352,"{'bbox': [137.834, -10.7, 153.513336, -28.17]}","{'grid_sizes': [0, 0.015, 0.03125, 0.0625, 0.125, 0.25, 0.5, 1, 2, 4, 8, 16, 32, 64, 128], 'grid_sizes_length': 15}"
get_points_as_wkt_str,CachedGriddedAndBoundMappablePoint,10_points_worldwide,20,0.0013269999999999998,"{'bbox': [137.834, -10.7, 153.513336, -28.17]}","{'grid_sizes': [0, 0.015, 0.03125, 0.0625, 0.125, 0.25, 0.5, 1, 2, 4, 8, 16, 32, 64, 128], 'grid_sizes_length': 15}"
pre_process,MappablePoint,100_points_worldwide,1.2e-05,{},{}
database_delta_info,MappablePoint,100_points_worldwide,13194360,13194360,0
get_points_as_geojson,MappablePoint,100_points_worldwide,100,0.002747,"{'bbox': [-180, -90, 180, 90]}",{}
get_points_as_wkt,MappablePoint,100_points_worldwide,100,0.0024909999999999997,"{'bbox': [-180, -90, 180, 90]}",{}
get_points_as_geojson_str,MappablePoint,100_points_worldwide,14129,0.004517,"{'bbox': [-180, -90, 180, 90]}",{}
get_points_as_wkt_str,MappablePoint,100_points_worldwide,4205,0.002545,"{'bbox': [-180, -90, 180, 90]}",{}
get_points_as_geojson,MappablePoint,100_points_worldwide,100,0.002621,"{'bbox': [113, -43, 153, -10]}",{}
get_points_as_wkt,MappablePoint,100_points_worldwide,100,0.002457,"{'bbox': [113, -43, 153, -10]}",{}
get_points_as_geojson_str,MappablePoint,100_points_worldwide,14129,0.004693,"{'bbox': [113, -43, 153, -10]}",{}
get_points_as_wkt_str,MappablePoint,100_points_worldwide,4205,0.002533,"{'bbox': [113, -43, 153, -10]}",{}
get_points_as_geojson,MappablePoint,100_points_worldwide,100,0.002604,"{'bbox': [137.834, -10.7, 153.513336, -28.17]}",{}
get_points_as_wkt,MappablePoint,100_points_worldwide,100,0.002467,"{'bbox': [137.834, -10.7, 153.513336, -28.17]}",{}
get_points_as_geojson_str,MappablePoint,100_points_worldwide,14129,0.00432,"{'bbox': [137.834, -10.7, 153.513336, -28.17]}",{}
get_points_as_wkt_str,MappablePoint,100_points_worldwide,4205,0.002509,"{'bbox': [137.834, -10.7, 153.513336, -28.17]}",{}
pre_process,GriddedMappablePoint,100_points_worldwide,1.2e-05,{},{}
database_delta_info,GriddedMappablePoint,100_points_worldwide,13210744,13210744,0
get_points_as_geojson,GriddedMappablePoint,100_points_worldwide,98,0.003929,"{'bbox': [-180, -90, 180, 90]}",{}
get_points_as_wkt,GriddedMappablePoint,100_points_worldwide,98,0.003609,"{'bbox': [-180, -90, 180, 90]}",{}
get_points_as_geojson_str,GriddedMappablePoint,100_points_worldwide,13850,0.005855,"{'bbox': [-180, -90, 180, 90]}",{}
get_points_as_wkt_str,GriddedMappablePoint,100_points_worldwide,4124,0.003662,"{'bbox': [-180, -90, 180, 90]}",{}
get_points_as_geojson,GriddedMappablePoint,100_points_worldwide,98,0.003779,"{'bbox': [113, -43, 153, -10]}",{}
get_points_as_wkt,GriddedMappablePoint,100_points_worldwide,98,0.0036049999999999997,"{'bbox': [113, -43, 153, -10]}",{}
get_points_as_geojson_str,GriddedMappablePoint,100_points_worldwide,13850,0.005431,"{'bbox': [113, -43, 153, -10]}",{}
get_points_as_wkt_str,GriddedMappablePoint,100_points_worldwide,4124,0.0036539999999999997,"{'bbox': [113, -43, 153, -10]}",{}
get_points_as_geojson,GriddedMappablePoint,100_points_worldwide,98,0.0037619999999999997,"{'bbox': [137.834, -10.7, 153.513336, -28.17]}",{}
get_points_as_wkt,GriddedMappablePoint,100_points_worldwide,98,0.0036209999999999997,"{'bbox': [137.834, -10.7, 153.513336, -28.17]}",{}
get_points_as_geojson_str,GriddedMappablePoint,100_points_worldwide,13850,0.0054589999999999994,"{'bbox': [137.834, -10.7, 153.513336, -28.17]}",{}
get_points_as_wkt_str,GriddedMappablePoint,100_points_worldwide,4124,0.003666,"{'bbox': [137.834, -10.7, 153.513336, -28.17]}",{}
pre_process,BoundMappablePoint,100_points_worldwide,1.2e-05,{},{}
database_delta_info,BoundMappablePoint,100_points_worldwide,13235320,13235320,0
get_points_as_geojson,BoundMappablePoint,100_points_worldwide,100,0.0031379999999999997,"{'bbox': [-180, -90, 180, 90]}",{}
get_points_as_wkt,BoundMappablePoint,100_points_worldwide,100,0.002823,"{'bbox': [-180, -90, 180, 90]}",{}
get_points_as_geojson_str,BoundMappablePoint,100_points_worldwide,14129,0.005037,"{'bbox': [-180, -90, 180, 90]}",{}
get_points_as_wkt_str,BoundMappablePoint,100_points_worldwide,4205,0.0028829999999999997,"{'bbox': [-180, -90, 180, 90]}",{}
get_points_as_geojson,BoundMappablePoint,100_points_worldwide,3,0.0016409999999999999,"{'bbox': [113, -43, 153, -10]}",{}
get_points_as_wkt,BoundMappablePoint,100_points_worldwide,3,0.0015739999999999999,"{'bbox': [113, -43, 153, -10]}",{}
get_points_as_geojson_str,BoundMappablePoint,100_points_worldwide,464,0.0017009999999999998,"{'bbox': [113, -43, 153, -10]}",{}
get_points_as_wkt_str,BoundMappablePoint,100_points_worldwide,143,0.001593,"{'bbox': [113, -43, 153, -10]}",{}
get_points_as_geojson,BoundMappablePoint,100_points_worldwide,0,0.0015869999999999999,"{'bbox': [137.834, -10.7, 153.513336, -28.17]}",{}
get_points_as_wkt,BoundMappablePoint,100_points_worldwide,0,0.001511,"{'bbox': [137.834, -10.7, 153.513336, -28.17]}",{}
get_points_as_geojson_str,BoundMappablePoint,100_points_worldwide,45,0.001826,"{'bbox': [137.834, -10.7, 153.513336, -28.17]}",{}
get_points_as_wkt_str,BoundMappablePoint,100_points_worldwide,20,0.001511,"{'bbox': [137.834, -10.7, 153.513336, -28.17]}",{}
pre_process,GriddedAndBoundMappablePoint,100_points_worldwide,1.2e-05,{},{}
database_delta_info,GriddedAndBoundMappablePoint,100_points_worldwide,13251704,13251704,0
get_points_as_geojson,GriddedAndBoundMappablePoint,100_points_worldwide,59,0.0036609999999999998,"{'bbox': [-180, -90, 180, 90]}",{}
get_points_as_wkt,GriddedAndBoundMappablePoint,100_points_worldwide,59,0.003276,"{'bbox': [-180, -90, 180, 90]}",{}
get_points_as_geojson_str,GriddedAndBoundMappablePoint,100_points_worldwide,8353,0.005004,"{'bbox': [-180, -90, 180, 90]}",{}
get_points_as_wkt_str,GriddedAndBoundMappablePoint,100_points_worldwide,2488,0.00332,"{'bbox': [-180, -90, 180, 90]}",{}
get_points_as_geojson,GriddedAndBoundMappablePoint,100_points_worldwide,2,0.00195,"{'bbox': [113, -43, 153, -10]}",{}
get_points_as_wkt,GriddedAndBoundMappablePoint,100_points_worldwide,2,0.00187,"{'bbox': [113, -43, 153, -10]}",{}
get_points_as_geojson_str,GriddedAndBoundMappablePoint,100_points_worldwide,325,0.001973,"{'bbox': [113, -43, 153, -10]}",{}
get_points_as_wkt_str,GriddedAndBoundMappablePoint,100_points_worldwide,103,0.001878,"{'bbox': [113, -43, 153, -10]}",{}
get_points_as_geojson,GriddedAndBoundMappablePoint,100_points_worldwide,0,0.00208,"{'bbox': [137.834, -10.7, 153.513336, -28.17]}",{}
get_points_as_wkt,GriddedAndBoundMappablePoint,100_points_worldwide,0,0.0017749999999999999,"{'bbox': [137.834, -10.7, 153.513336, -28.17]}",{}
get_points_as_geojson_str,GriddedAndBoundMappablePoint,100_points_worldwide,45,0.0018269999999999998,"{'bbox': [137.834, -10.7, 153.513336, -28.17]}",{}
get_points_as_wkt_str,GriddedAndBoundMappablePoint,100_points_worldwide,20,0.001805,"{'bbox': [137.834, -10.7, 153.513336, -28.17]}",{}
pre_process,CachedGriddedAndBoundMappablePoint,100_points_worldwide,1.264762,{},"{'grid_sizes': [0, 0.015, 0.03125, 0.0625, 0.125, 0.25, 0.5, 1, 2, 4, 8, 16, 32, 64, 128], 'grid_sizes_length': 15}"
database_delta_info,CachedGriddedAndBoundMappablePoint,100_points_worldwide,13268088,13505656,237568
get_points_as_geojson,CachedGriddedAndBoundMappablePoint,100_points_worldwide,84,0.0042569999999999995,"{'bbox': [-180, -90, 180, 90]}","{'grid_sizes': [0, 0.015, 0.03125, 0.0625, 0.125, 0.25, 0.5, 1, 2, 4, 8, 16, 32, 64, 128], 'grid_sizes_length': 15}"
get_points_as_wkt,CachedGriddedAndBoundMappablePoint,100_points_worldwide,84,0.0025659999999999997,"{'bbox': [-180, -90, 180, 90]}","{'grid_sizes': [0, 0.015, 0.03125, 0.0625, 0.125, 0.25, 0.5, 1, 2, 4, 8, 16, 32, 64, 128], 'grid_sizes_length': 15}"
get_points_as_geojson_str,CachedGriddedAndBoundMappablePoint,100_points_worldwide,11876,0.004527,"{'bbox': [-180, -90, 180, 90]}","{'grid_sizes': [0, 0.015, 0.03125, 0.0625, 0.125, 0.25, 0.5, 1, 2, 4, 8, 16, 32, 64, 128], 'grid_sizes_length': 15}"
get_points_as_wkt_str,CachedGriddedAndBoundMappablePoint,100_points_worldwide,3536,0.0026249999999999997,"{'bbox': [-180, -90, 180, 90]}","{'grid_sizes': [0, 0.015, 0.03125, 0.0625, 0.125, 0.25, 0.5, 1, 2, 4, 8, 16, 32, 64, 128], 'grid_sizes_length': 15}"
get_points_as_geojson,CachedGriddedAndBoundMappablePoint,100_points_worldwide,2,0.001447,"{'bbox': [113, -43, 153, -10]}","{'grid_sizes': [0, 0.015, 0.03125, 0.0625, 0.125, 0.25, 0.5, 1, 2, 4, 8, 16, 32, 64, 128], 'grid_sizes_length': 15}"
get_points_as_wkt,CachedGriddedAndBoundMappablePoint,100_points_worldwide,2,0.0013599999999999999,"{'bbox': [113, -43, 153, -10]}","{'grid_sizes': [0, 0.015, 0.03125, 0.0625, 0.125, 0.25, 0.5, 1, 2, 4, 8, 16, 32, 64, 128], 'grid_sizes_length': 15}"
get_points_as_geojson_str,CachedGriddedAndBoundMappablePoint,100_points_worldwide,325,0.00145,"{'bbox': [113, -43, 153, -10]}","{'grid_sizes': [0, 0.015, 0.03125, 0.0625, 0.125, 0.25, 0.5, 1, 2, 4, 8, 16, 32, 64, 128], 'grid_sizes_length': 15}"
get_points_as_wkt_str,CachedGriddedAndBoundMappablePoint,100_points_worldwide,103,0.0013549999999999999,"{'bbox': [113, -43, 153, -10]}","{'grid_sizes': [0, 0.015, 0.03125, 0.0625, 0.125, 0.25, 0.5, 1, 2, 4, 8, 16, 32, 64, 128], 'grid_sizes_length': 15}"
get_points_as_geojson,CachedGriddedAndBoundMappablePoint,100_points_worldwide,0,0.001365,"{'bbox': [137.834, -10.7, 153.513336, -28.17]}","{'grid_sizes': [0, 0.015, 0.03125, 0.0625, 0.125, 0.25, 0.5, 1, 2, 4, 8, 16, 32, 64, 128], 'grid_sizes_length': 15}"
get_points_as_wkt,CachedGriddedAndBoundMappablePoint,100_points_worldwide,0,0.0013059999999999999,"{'bbox': [137.834, -10.7, 153.513336, -28.17]}","{'grid_sizes': [0, 0.015, 0.03125, 0.0625, 0.125, 0.25, 0.5, 1, 2, 4, 8, 16, 32, 64, 128], 'grid_sizes_length': 15}"
get_points_as_geojson_str,CachedGriddedAndBoundMappablePoint,100_points_worldwide,45,0.001351,"{'bbox': [137.834, -10.7, 153.513336, -28.17]}","{'grid_sizes': [0, 0.015, 0.03125, 0.0625, 0.125, 0.25, 0.5, 1, 2, 4, 8, 16, 32, 64, 128], 'grid_sizes_length': 15}"
get_points_as_wkt_str,CachedGriddedAndBoundMappablePoint,100_points_worldwide,20,0.001305,"{'bbox': [137.834, -10.7, 153.513336, -28.17]}","{'grid_sizes': [0, 0.015, 0.03125, 0.0625, 0.125, 0.25, 0.5, 1, 2, 4, 8, 16, 32, 64, 128], 'grid_sizes_length': 15}"
pre_process,MappablePoint,1k_points_worldwide,1.2e-05,{},{}
database_delta_info,MappablePoint,1k_points_worldwide,13440120,13440120,0
get_points_as_geojson,MappablePoint,1k_points_worldwide,1000,0.016555,"{'bbox': [-180, -90, 180, 90]}",{}
get_points_as_wkt,MappablePoint,1k_points_worldwide,1000,0.014702999999999999,"{'bbox': [-180, -90, 180, 90]}",{}
get_points_as_geojson_str,MappablePoint,1k_points_worldwide,140817,0.032085999999999996,"{'bbox': [-180, -90, 180, 90]}",{}
get_points_as_wkt_str,MappablePoint,1k_points_worldwide,41795,0.015108,"{'bbox': [-180, -90, 180, 90]}",{}
get_points_as_geojson,MappablePoint,1k_points_worldwide,1000,0.015759,"{'bbox': [113, -43, 153, -10]}",{}
get_points_as_wkt,MappablePoint,1k_points_worldwide,1000,0.014636999999999999,"{'bbox': [113, -43, 153, -10]}",{}
get_points_as_geojson_str,MappablePoint,1k_points_worldwide,140817,0.055299999999999995,"{'bbox': [113, -43, 153, -10]}",{}
get_points_as_wkt_str,MappablePoint,1k_points_worldwide,41795,0.01571,"{'bbox': [113, -43, 153, -10]}",{}
get_points_as_geojson,MappablePoint,1k_points_worldwide,1000,0.015985,"{'bbox': [137.834, -10.7, 153.513336, -28.17]}",{}
get_points_as_wkt,MappablePoint,1k_points_worldwide,1000,0.014582,"{'bbox': [137.834, -10.7, 153.513336, -28.17]}",{}
get_points_as_geojson_str,MappablePoint,1k_points_worldwide,140817,0.031291,"{'bbox': [137.834, -10.7, 153.513336, -28.17]}",{}
get_points_as_wkt_str,MappablePoint,1k_points_worldwide,41795,0.014995,"{'bbox': [137.834, -10.7, 153.513336, -28.17]}",{}
pre_process,GriddedMappablePoint,1k_points_worldwide,1.4e-05,{},{}
database_delta_info,GriddedMappablePoint,1k_points_worldwide,13472888,13472888,0
get_points_as_geojson,GriddedMappablePoint,1k_points_worldwide,992,0.026979,"{'bbox': [-180, -90, 180, 90]}",{}
get_points_as_wkt,GriddedMappablePoint,1k_points_worldwide,992,0.025134,"{'bbox': [-180, -90, 180, 90]}",{}
get_points_as_geojson_str,GriddedMappablePoint,1k_points_worldwide,139692,0.04248,"{'bbox': [-180, -90, 180, 90]}",{}
get_points_as_wkt_str,GriddedMappablePoint,1k_points_worldwide,41462,0.0254,"{'bbox': [-180, -90, 180, 90]}",{}
get_points_as_geojson,GriddedMappablePoint,1k_points_worldwide,992,0.025684,"{'bbox': [113, -43, 153, -10]}",{}
get_points_as_wkt,GriddedMappablePoint,1k_points_worldwide,992,0.048201999999999995,"{'bbox': [113, -43, 153, -10]}",{}
get_points_as_geojson_str,GriddedMappablePoint,1k_points_worldwide,139692,0.042638999999999996,"{'bbox': [113, -43, 153, -10]}",{}
get_points_as_wkt_str,GriddedMappablePoint,1k_points_worldwide,41462,0.024866,"{'bbox': [113, -43, 153, -10]}",{}
get_points_as_geojson,GriddedMappablePoint,1k_points_worldwide,992,0.026047999999999998,"{'bbox': [137.834, -10.7, 153.513336, -28.17]}",{}
get_points_as_wkt,GriddedMappablePoint,1k_points_worldwide,992,0.024474,"{'bbox': [137.834, -10.7, 153.513336, -28.17]}",{}
get_points_as_geojson_str,GriddedMappablePoint,1k_points_worldwide,139692,0.040581,"{'bbox': [137.834, -10.7, 153.513336, -28.17]}",{}
get_points_as_wkt_str,GriddedMappablePoint,1k_points_worldwide,41462,0.024551,"{'bbox': [137.834, -10.7, 153.513336, -28.17]}",{}
pre_process,BoundMappablePoint,1k_points_worldwide,1.4e-05,{},{}
database_delta_info,BoundMappablePoint,1k_points_worldwide,13394436,13394436,0
get_points_as_geojson,BoundMappablePoint,1k_points_worldwide,1000,0.017159,"{'bbox': [-180, -90, 180, 90]}",{}
get_points_as_wkt,BoundMappablePoint,1k_points_worldwide,1000,0.015371999999999999,"{'bbox': [-180, -90, 180, 90]}",{}
get_points_as_geojson_str,BoundMappablePoint,1k_points_worldwide,140817,0.032536999999999996,"{'bbox': [-180, -90, 180, 90]}",{}
get_points_as_wkt_str,BoundMappablePoint,1k_points_worldwide,41795,0.016264,"{'bbox': [-180, -90, 180, 90]}",{}
get_points_as_geojson,BoundMappablePoint,1k_points_worldwide,20,0.001994,"{'bbox': [113, -43, 153, -10]}",{}
get_points_as_wkt,BoundMappablePoint,1k_points_worldwide,20,0.001916,"{'bbox': [113, -43, 153, -10]}",{}
get_points_as_geojson_str,BoundMappablePoint,1k_points_worldwide,2860,0.002329,"{'bbox': [113, -43, 153, -10]}",{}
get_points_as_wkt_str,BoundMappablePoint,1k_points_worldwide,856,0.001931,"{'bbox': [113, -43, 153, -10]}",{}
get_points_as_geojson,BoundMappablePoint,1k_points_worldwide,2,0.001758,"{'bbox': [137.834, -10.7, 153.513336, -28.17]}",{}
get_points_as_wkt,BoundMappablePoint,1k_points_worldwide,2,0.001704,"{'bbox': [137.834, -10.7, 153.513336, -28.17]}",{}
get_points_as_geojson_str,BoundMappablePoint,1k_points_worldwide,325,0.0018009999999999999,"{'bbox': [137.834, -10.7, 153.513336, -28.17]}",{}
get_points_as_wkt_str,BoundMappablePoint,1k_points_worldwide,103,0.022902,"{'bbox': [137.834, -10.7, 153.513336, -28.17]}",{}
pre_process,GriddedAndBoundMappablePoint,1k_points_worldwide,1.4e-05,{},{}
database_delta_info,GriddedAndBoundMappablePoint,1k_points_worldwide,13443588,13443588,0
get_points_as_geojson,GriddedAndBoundMappablePoint,1k_points_worldwide,104,0.008457,"{'bbox': [-180, -90, 180, 90]}",{}
get_points_as_wkt,GriddedAndBoundMappablePoint,1k_points_worldwide,104,0.007561,"{'bbox': [-180, -90, 180, 90]}",{}
get_points_as_geojson_str,GriddedAndBoundMappablePoint,1k_points_worldwide,14750,0.010066,"{'bbox': [-180, -90, 180, 90]}",{}
get_points_as_wkt_str,GriddedAndBoundMappablePoint,1k_points_worldwide,4378,0.0076419999999999995,"{'bbox': [-180, -90, 180, 90]}",{}
get_points_as_geojson,GriddedAndBoundMappablePoint,1k_points_worldwide,17,0.002398,"{'bbox': [113, -43, 153, -10]}",{}
get_points_as_wkt,GriddedAndBoundMappablePoint,1k_points_worldwide,17,0.002336,"{'bbox': [113, -43, 153, -10]}",{}
get_points_as_geojson_str,GriddedAndBoundMappablePoint,1k_points_worldwide,2436,0.002696,"{'bbox': [113, -43, 153, -10]}",{}
get_points_as_wkt_str,GriddedAndBoundMappablePoint,1k_points_worldwide,729,0.0023639999999999998,"{'bbox': [113, -43, 153, -10]}",{}
get_points_as_geojson,GriddedAndBoundMappablePoint,1k_points_worldwide,2,0.00232,"{'bbox': [137.834, -10.7, 153.513336, -28.17]}",{}
get_points_as_wkt,GriddedAndBoundMappablePoint,1k_points_worldwide,2,0.002,"{'bbox': [137.834, -10.7, 153.513336, -28.17]}",{}
get_points_as_geojson_str,GriddedAndBoundMappablePoint,1k_points_worldwide,325,0.0020989999999999997,"{'bbox': [137.834, -10.7, 153.513336, -28.17]}",{}
get_points_as_wkt_str,GriddedAndBoundMappablePoint,1k_points_worldwide,103,0.0020109999999999998,"{'bbox': [137.834, -10.7, 153.513336, -28.17]}",{}
pre_process,CachedGriddedAndBoundMappablePoint,1k_points_worldwide,10.702753,{},"{'grid_sizes': [0, 0.015, 0.03125, 0.0625, 0.125, 0.25, 0.5, 1, 2, 4, 8, 16, 32, 64, 128], 'grid_sizes_length': 15}"
database_delta_info,CachedGriddedAndBoundMappablePoint,1k_points_worldwide,13476356,15008260,1531904
get_points_as_geojson,CachedGriddedAndBoundMappablePoint,1k_points_worldwide,258,0.014343,"{'bbox': [-180, -90, 180, 90]}","{'grid_sizes': [0, 0.015, 0.03125, 0.0625, 0.125, 0.25, 0.5, 1, 2, 4, 8, 16, 32, 64, 128], 'grid_sizes_length': 15}"
get_points_as_wkt,CachedGriddedAndBoundMappablePoint,1k_points_worldwide,258,0.008003999999999999,"{'bbox': [-180, -90, 180, 90]}","{'grid_sizes': [0, 0.015, 0.03125, 0.0625, 0.125, 0.25, 0.5, 1, 2, 4, 8, 16, 32, 64, 128], 'grid_sizes_length': 15}"
get_points_as_geojson_str,CachedGriddedAndBoundMappablePoint,1k_points_worldwide,36379,0.012539999999999999,"{'bbox': [-180, -90, 180, 90]}","{'grid_sizes': [0, 0.015, 0.03125, 0.0625, 0.125, 0.25, 0.5, 1, 2, 4, 8, 16, 32, 64, 128], 'grid_sizes_length': 15}"
get_points_as_wkt_str,CachedGriddedAndBoundMappablePoint,1k_points_worldwide,10815,0.008048,"{'bbox': [-180, -90, 180, 90]}","{'grid_sizes': [0, 0.015, 0.03125, 0.0625, 0.125, 0.25, 0.5, 1, 2, 4, 8, 16, 32, 64, 128], 'grid_sizes_length': 15}"
get_points_as_geojson,CachedGriddedAndBoundMappablePoint,1k_points_worldwide,18,0.0018269999999999998,"{'bbox': [113, -43, 153, -10]}","{'grid_sizes': [0, 0.015, 0.03125, 0.0625, 0.125, 0.25, 0.5, 1, 2, 4, 8, 16, 32, 64, 128], 'grid_sizes_length': 15}"
get_points_as_wkt,CachedGriddedAndBoundMappablePoint,1k_points_worldwide,18,0.0017989999999999998,"{'bbox': [113, -43, 153, -10]}","{'grid_sizes': [0, 0.015, 0.03125, 0.0625, 0.125, 0.25, 0.5, 1, 2, 4, 8, 16, 32, 64, 128], 'grid_sizes_length': 15}"
get_points_as_geojson_str,CachedGriddedAndBoundMappablePoint,1k_points_worldwide,2579,0.0021739999999999997,"{'bbox': [113, -43, 153, -10]}","{'grid_sizes': [0, 0.015, 0.03125, 0.0625, 0.125, 0.25, 0.5, 1, 2, 4, 8, 16, 32, 64, 128], 'grid_sizes_length': 15}"
get_points_as_wkt_str,CachedGriddedAndBoundMappablePoint,1k_points_worldwide,773,0.001813,"{'bbox': [113, -43, 153, -10]}","{'grid_sizes': [0, 0.015, 0.03125, 0.0625, 0.125, 0.25, 0.5, 1, 2, 4, 8, 16, 32, 64, 128], 'grid_sizes_length': 15}"
get_points_as_geojson,CachedGriddedAndBoundMappablePoint,1k_points_worldwide,2,0.001611,"{'bbox': [137.834, -10.7, 153.513336, -28.17]}","{'grid_sizes': [0, 0.015, 0.03125, 0.0625, 0.125, 0.25, 0.5, 1, 2, 4, 8, 16, 32, 64, 128], 'grid_sizes_length': 15}"
get_points_as_wkt,CachedGriddedAndBoundMappablePoint,1k_points_worldwide,2,0.001522,"{'bbox': [137.834, -10.7, 153.513336, -28.17]}","{'grid_sizes': [0, 0.015, 0.03125, 0.0625, 0.125, 0.25, 0.5, 1, 2, 4, 8, 16, 32, 64, 128], 'grid_sizes_length': 15}"
get_points_as_geojson_str,CachedGriddedAndBoundMappablePoint,1k_points_worldwide,325,0.0016389999999999998,"{'bbox': [137.834, -10.7, 153.513336, -28.17]}","{'grid_sizes': [0, 0.015, 0.03125, 0.0625, 0.125, 0.25, 0.5, 1, 2, 4, 8, 16, 32, 64, 128], 'grid_sizes_length': 15}"
get_points_as_wkt_str,CachedGriddedAndBoundMappablePoint,1k_points_worldwide,103,0.001441,"{'bbox': [137.834, -10.7, 153.513336, -28.17]}","{'grid_sizes': [0, 0.015, 0.03125, 0.0625, 0.125, 0.25, 0.5, 1, 2, 4, 8, 16, 32, 64, 128], 'grid_sizes_length': 15}"
pre_process,MappablePoint,10k_points_worldwide,1.4999999999999999e-05,{},{}
database_delta_info,MappablePoint,10k_points_worldwide,14713348,14713348,0
get_points_as_geojson,MappablePoint,10k_points_worldwide,10000,0.242255,"{'bbox': [-180, -90, 180, 90]}",{}
get_points_as_wkt,MappablePoint,10k_points_worldwide,10000,0.174952,"{'bbox': [-180, -90, 180, 90]}",{}
get_points_as_geojson_str,MappablePoint,10k_points_worldwide,1407932,0.39508499999999996,"{'bbox': [-180, -90, 180, 90]}",{}
get_points_as_wkt_str,MappablePoint,10k_points_worldwide,417928,0.17890599999999998,"{'bbox': [-180, -90, 180, 90]}",{}
get_points_as_geojson,MappablePoint,10k_points_worldwide,10000,0.204648,"{'bbox': [113, -43, 153, -10]}",{}
get_points_as_wkt,MappablePoint,10k_points_worldwide,10000,0.174486,"{'bbox': [113, -43, 153, -10]}",{}
get_points_as_geojson_str,MappablePoint,10k_points_worldwide,1407932,0.370424,"{'bbox': [113, -43, 153, -10]}",{}
get_points_as_wkt_str,MappablePoint,10k_points_worldwide,417928,0.178801,"{'bbox': [113, -43, 153, -10]}",{}
get_points_as_geojson,MappablePoint,10k_points_worldwide,10000,0.203343,"{'bbox': [137.834, -10.7, 153.513336, -28.17]}",{}
get_points_as_wkt,MappablePoint,10k_points_worldwide,10000,0.174254,"{'bbox': [137.834, -10.7, 153.513336, -28.17]}",{}
get_points_as_geojson_str,MappablePoint,10k_points_worldwide,1407932,0.378961,"{'bbox': [137.834, -10.7, 153.513336, -28.17]}",{}
get_points_as_wkt_str,MappablePoint,10k_points_worldwide,417928,0.18262399999999998,"{'bbox': [137.834, -10.7, 153.513336, -28.17]}",{}
pre_process,GriddedMappablePoint,10k_points_worldwide,1.4999999999999999e-05,{},{}
database_delta_info,GriddedMappablePoint,10k_points_worldwide,14713348,14713348,0
get_points_as_geojson,GriddedMappablePoint,10k_points_worldwide,9254,0.26184599999999997,"{'bbox': [-180, -90, 180, 90]}",{}
get_points_as_wkt,GriddedMappablePoint,10k_points_worldwide,9254,0.243142,"{'bbox': [-180, -90, 180, 90]}",{}
get_points_as_geojson_str,GriddedMappablePoint,10k_points_worldwide,1302881,0.45415999999999995,"{'bbox': [-180, -90, 180, 90]}",{}
get_points_as_wkt_str,GriddedMappablePoint,10k_points_worldwide,386731,0.244831,"{'bbox': [-180, -90, 180, 90]}",{}
get_points_as_geojson,GriddedMappablePoint,10k_points_worldwide,9254,0.269103,"{'bbox': [113, -43, 153, -10]}",{}
get_points_as_wkt,GriddedMappablePoint,10k_points_worldwide,9254,0.23918399999999998,"{'bbox': [113, -43, 153, -10]}",{}
get_points_as_geojson_str,GriddedMappablePoint,10k_points_worldwide,1302881,0.42316899999999996,"{'bbox': [113, -43, 153, -10]}",{}
get_points_as_wkt_str,GriddedMappablePoint,10k_points_worldwide,386731,0.244187,"{'bbox': [113, -43, 153, -10]}",{}
get_points_as_geojson,GriddedMappablePoint,10k_points_worldwide,9254,0.2699,"{'bbox': [137.834, -10.7, 153.513336, -28.17]}",{}
get_points_as_wkt,GriddedMappablePoint,10k_points_worldwide,9254,0.23884899999999998,"{'bbox': [137.834, -10.7, 153.513336, -28.17]}",{}
get_points_as_geojson_str,GriddedMappablePoint,10k_points_worldwide,1302881,0.42639499999999997,"{'bbox': [137.834, -10.7, 153.513336, -28.17]}",{}
get_points_as_wkt_str,GriddedMappablePoint,10k_points_worldwide,386731,0.24348099999999998,"{'bbox': [137.834, -10.7, 153.513336, -28.17]}",{}
pre_process,BoundMappablePoint,10k_points_worldwide,1.4999999999999999e-05,{},{}
database_delta_info,BoundMappablePoint,10k_points_worldwide,14713348,14713348,0
get_points_as_geojson,BoundMappablePoint,10k_points_worldwide,10000,0.20235999999999998,"{'bbox': [-180, -90, 180, 90]}",{}
get_points_as_wkt,BoundMappablePoint,10k_points_worldwide,10000,0.18856499999999998,"{'bbox': [-180, -90, 180, 90]}",{}
get_points_as_geojson_str,BoundMappablePoint,10k_points_worldwide,1407932,0.397196,"{'bbox': [-180, -90, 180, 90]}",{}
get_points_as_wkt_str,BoundMappablePoint,10k_points_worldwide,417928,0.21548799999999999,"{'bbox': [-180, -90, 180, 90]}",{}
get_points_as_geojson,BoundMappablePoint,10k_points_worldwide,225,0.00586,"{'bbox': [113, -43, 153, -10]}",{}
get_points_as_wkt,BoundMappablePoint,10k_points_worldwide,225,0.004758,"{'bbox': [113, -43, 153, -10]}",{}
get_points_as_geojson_str,BoundMappablePoint,10k_points_worldwide,31726,0.008612,"{'bbox': [113, -43, 153, -10]}",{}
get_points_as_wkt_str,BoundMappablePoint,10k_points_worldwide,9427,0.0049889999999999995,"{'bbox': [113, -43, 153, -10]}",{}
get_points_as_geojson,BoundMappablePoint,10k_points_worldwide,40,0.002291,"{'bbox': [137.834, -10.7, 153.513336, -28.17]}",{}
get_points_as_wkt,BoundMappablePoint,10k_points_worldwide,40,0.002157,"{'bbox': [137.834, -10.7, 153.513336, -28.17]}",{}
get_points_as_geojson_str,BoundMappablePoint,10k_points_worldwide,5678,0.002888,"{'bbox': [137.834, -10.7, 153.513336, -28.17]}",{}
get_points_as_wkt_str,BoundMappablePoint,10k_points_worldwide,1694,0.002179,"{'bbox': [137.834, -10.7, 153.513336, -28.17]}",{}
pre_process,GriddedAndBoundMappablePoint,10k_points_worldwide,1.4999999999999999e-05,{},{}
database_delta_info,GriddedAndBoundMappablePoint,10k_points_worldwide,14713348,14713348,0
get_points_as_geojson,GriddedAndBoundMappablePoint,10k_points_worldwide,105,0.071681,"{'bbox': [-180, -90, 180, 90]}",{}
get_points_as_wkt,GriddedAndBoundMappablePoint,10k_points_worldwide,105,0.07191,"{'bbox': [-180, -90, 180, 90]}",{}
get_points_as_geojson_str,GriddedAndBoundMappablePoint,10k_points_worldwide,15013,0.06944399999999999,"{'bbox': [-180, -90, 180, 90]}",{}
get_points_as_wkt_str,GriddedAndBoundMappablePoint,10k_points_worldwide,4426,0.06759699999999999,"{'bbox': [-180, -90, 180, 90]}",{}
get_points_as_geojson,GriddedAndBoundMappablePoint,10k_points_worldwide,100,0.004915999999999999,"{'bbox': [113, -43, 153, -10]}",{}
get_points_as_wkt,GriddedAndBoundMappablePoint,10k_points_worldwide,100,0.004933,"{'bbox': [113, -43, 153, -10]}",{}
get_points_as_geojson_str,GriddedAndBoundMappablePoint,10k_points_worldwide,14118,0.0065639999999999995,"{'bbox': [113, -43, 153, -10]}",{}
get_points_as_wkt_str,GriddedAndBoundMappablePoint,10k_points_worldwide,4194,0.0048839999999999995,"{'bbox': [113, -43, 153, -10]}",{}
get_points_as_geojson,GriddedAndBoundMappablePoint,10k_points_worldwide,36,0.002905,"{'bbox': [137.834, -10.7, 153.513336, -28.17]}",{}
get_points_as_wkt,GriddedAndBoundMappablePoint,10k_points_worldwide,36,0.002768,"{'bbox': [137.834, -10.7, 153.513336, -28.17]}",{}
get_points_as_geojson_str,GriddedAndBoundMappablePoint,10k_points_worldwide,5114,0.0037909999999999997,"{'bbox': [137.834, -10.7, 153.513336, -28.17]}",{}
get_points_as_wkt_str,GriddedAndBoundMappablePoint,10k_points_worldwide,1526,0.002888,"{'bbox': [137.834, -10.7, 153.513336, -28.17]}",{}
pre_process,CachedGriddedAndBoundMappablePoint,10k_points_worldwide,113.636024,{},"{'grid_sizes': [0, 0.015, 0.03125, 0.0625, 0.125, 0.25, 0.5, 1, 2, 4, 8, 16, 32, 64, 128], 'grid_sizes_length': 15}"
database_delta_info,CachedGriddedAndBoundMappablePoint,10k_points_worldwide,14377476,27304452,12926976
get_points_as_geojson,CachedGriddedAndBoundMappablePoint,10k_points_worldwide,298,0.105803,"{'bbox': [-180, -90, 180, 90]}","{'grid_sizes': [0, 0.015, 0.03125, 0.0625, 0.125, 0.25, 0.5, 1, 2, 4, 8, 16, 32, 64, 128], 'grid_sizes_length': 15}"
get_points_as_wkt,CachedGriddedAndBoundMappablePoint,10k_points_worldwide,298,0.045023999999999995,"{'bbox': [-180, -90, 180, 90]}","{'grid_sizes': [0, 0.015, 0.03125, 0.0625, 0.125, 0.25, 0.5, 1, 2, 4, 8, 16, 32, 64, 128], 'grid_sizes_length': 15}"
get_points_as_geojson_str,CachedGriddedAndBoundMappablePoint,10k_points_worldwide,42278,0.04557,"{'bbox': [-180, -90, 180, 90]}","{'grid_sizes': [0, 0.015, 0.03125, 0.0625, 0.125, 0.25, 0.5, 1, 2, 4, 8, 16, 32, 64, 128], 'grid_sizes_length': 15}"
get_points_as_wkt_str,CachedGriddedAndBoundMappablePoint,10k_points_worldwide,12499,0.039536999999999996,"{'bbox': [-180, -90, 180, 90]}","{'grid_sizes': [0, 0.015, 0.03125, 0.0625, 0.125, 0.25, 0.5, 1, 2, 4, 8, 16, 32, 64, 128], 'grid_sizes_length': 15}"
get_points_as_geojson,CachedGriddedAndBoundMappablePoint,10k_points_worldwide,167,0.005072,"{'bbox': [113, -43, 153, -10]}","{'grid_sizes': [0, 0.015, 0.03125, 0.0625, 0.125, 0.25, 0.5, 1, 2, 4, 8, 16, 32, 64, 128], 'grid_sizes_length': 15}"
get_points_as_wkt,CachedGriddedAndBoundMappablePoint,10k_points_worldwide,167,0.004706999999999999,"{'bbox': [113, -43, 153, -10]}","{'grid_sizes': [0, 0.015, 0.03125, 0.0625, 0.125, 0.25, 0.5, 1, 2, 4, 8, 16, 32, 64, 128], 'grid_sizes_length': 15}"
get_points_as_geojson_str,CachedGriddedAndBoundMappablePoint,10k_points_worldwide,23564,0.007968,"{'bbox': [113, -43, 153, -10]}","{'grid_sizes': [0, 0.015, 0.03125, 0.0625, 0.125, 0.25, 0.5, 1, 2, 4, 8, 16, 32, 64, 128], 'grid_sizes_length': 15}"
get_points_as_wkt_str,CachedGriddedAndBoundMappablePoint,10k_points_worldwide,7007,0.004732999999999999,"{'bbox': [113, -43, 153, -10]}","{'grid_sizes': [0, 0.015, 0.03125, 0.0625, 0.125, 0.25, 0.5, 1, 2, 4, 8, 16, 32, 64, 128], 'grid_sizes_length': 15}"
get_points_as_geojson,CachedGriddedAndBoundMappablePoint,10k_points_worldwide,38,0.002356,"{'bbox': [137.834, -10.7, 153.513336, -28.17]}","{'grid_sizes': [0, 0.015, 0.03125, 0.0625, 0.125, 0.25, 0.5, 1, 2, 4, 8, 16, 32, 64, 128], 'grid_sizes_length': 15}"
get_points_as_wkt,CachedGriddedAndBoundMappablePoint,10k_points_worldwide,38,0.00234,"{'bbox': [137.834, -10.7, 153.513336, -28.17]}","{'grid_sizes': [0, 0.015, 0.03125, 0.0625, 0.125, 0.25, 0.5, 1, 2, 4, 8, 16, 32, 64, 128], 'grid_sizes_length': 15}"
get_points_as_geojson_str,CachedGriddedAndBoundMappablePoint,10k_points_worldwide,5397,0.003077,"{'bbox': [137.834, -10.7, 153.513336, -28.17]}","{'grid_sizes': [0, 0.015, 0.03125, 0.0625, 0.125, 0.25, 0.5, 1, 2, 4, 8, 16, 32, 64, 128], 'grid_sizes_length': 15}"
get_points_as_wkt_str,CachedGriddedAndBoundMappablePoint,10k_points_worldwide,1611,0.0023639999999999998,"{'bbox': [137.834, -10.7, 153.513336, -28.17]}","{'grid_sizes': [0, 0.015, 0.03125, 0.0625, 0.125, 0.25, 0.5, 1, 2, 4, 8, 16, 32, 64, 128], 'grid_sizes_length': 15}"
pre_process,MappablePoint,100k_points_worldwide,1.4999999999999999e-05,{},{}
database_delta_info,MappablePoint,100k_points_worldwide,26637432,26637432,0
get_points_as_geojson,MappablePoint,100k_points_worldwide,100000,2.292572,"{'bbox': [-180, -90, 180, 90]}",{}
get_points_as_wkt,MappablePoint,100k_points_worldwide,100000,1.9427789999999998,"{'bbox': [-180, -90, 180, 90]}",{}
get_points_as_geojson_str,MappablePoint,100k_points_worldwide,14079827,4.18525,"{'bbox': [-180, -90, 180, 90]}",{}
get_points_as_wkt_str,MappablePoint,100k_points_worldwide,4179969,2.052287,"{'bbox': [-180, -90, 180, 90]}",{}
get_points_as_geojson,MappablePoint,100k_points_worldwide,100000,2.055529,"{'bbox': [113, -43, 153, -10]}",{}
get_points_as_wkt,MappablePoint,100k_points_worldwide,100000,1.952697,"{'bbox': [113, -43, 153, -10]}",{}
get_points_as_geojson_str,MappablePoint,100k_points_worldwide,14079827,4.148434,"{'bbox': [113, -43, 153, -10]}",{}
get_points_as_wkt_str,MappablePoint,100k_points_worldwide,4179969,2.062446,"{'bbox': [113, -43, 153, -10]}",{}
get_points_as_geojson,MappablePoint,100k_points_worldwide,100000,2.058696,"{'bbox': [137.834, -10.7, 153.513336, -28.17]}",{}
get_points_as_wkt,MappablePoint,100k_points_worldwide,100000,1.929174,"{'bbox': [137.834, -10.7, 153.513336, -28.17]}",{}
get_points_as_geojson_str,MappablePoint,100k_points_worldwide,14079827,4.116792,"{'bbox': [137.834, -10.7, 153.513336, -28.17]}",{}
get_points_as_wkt_str,MappablePoint,100k_points_worldwide,4179969,2.108306,"{'bbox': [137.834, -10.7, 153.513336, -28.17]}",{}
pre_process,GriddedMappablePoint,100k_points_worldwide,1.6e-05,{},{}
database_delta_info,GriddedMappablePoint,100k_points_worldwide,26637432,26637432,0
get_points_as_geojson,GriddedMappablePoint,100k_points_worldwide,51075,2.027261,"{'bbox': [-180, -90, 180, 90]}",{}
get_points_as_wkt,GriddedMappablePoint,100k_points_worldwide,51075,1.763296,"{'bbox': [-180, -90, 180, 90]}",{}
get_points_as_geojson_str,GriddedMappablePoint,100k_points_worldwide,7191299,2.9034050000000002,"{'bbox': [-180, -90, 180, 90]}",{}
get_points_as_wkt_str,GriddedMappablePoint,100k_points_worldwide,2135016,1.773877,"{'bbox': [-180, -90, 180, 90]}",{}
get_points_as_geojson,GriddedMappablePoint,100k_points_worldwide,51075,1.878572,"{'bbox': [113, -43, 153, -10]}",{}
get_points_as_wkt,GriddedMappablePoint,100k_points_worldwide,51075,1.787198,"{'bbox': [113, -43, 153, -10]}",{}
get_points_as_geojson_str,GriddedMappablePoint,100k_points_worldwide,7191299,2.869669,"{'bbox': [113, -43, 153, -10]}",{}
get_points_as_wkt_str,GriddedMappablePoint,100k_points_worldwide,2135016,1.884021,"{'bbox': [113, -43, 153, -10]}",{}
get_points_as_geojson,GriddedMappablePoint,100k_points_worldwide,51075,1.841386,"{'bbox': [137.834, -10.7, 153.513336, -28.17]}",{}
get_points_as_wkt,GriddedMappablePoint,100k_points_worldwide,51075,1.769886,"{'bbox': [137.834, -10.7, 153.513336, -28.17]}",{}
get_points_as_geojson_str,GriddedMappablePoint,100k_points_worldwide,7191299,2.917357,"{'bbox': [137.834, -10.7, 153.513336, -28.17]}",{}
get_points_as_wkt_str,GriddedMappablePoint,100k_points_worldwide,2135016,1.8205930000000001,"{'bbox': [137.834, -10.7, 153.513336, -28.17]}",{}
pre_process,BoundMappablePoint,100k_points_worldwide,1.6e-05,{},{}
database_delta_info,BoundMappablePoint,100k_points_worldwide,26637432,26637432,0
get_points_as_geojson,BoundMappablePoint,100k_points_worldwide,100000,2.3387409999999997,"{'bbox': [-180, -90, 180, 90]}",{}
get_points_as_wkt,BoundMappablePoint,100k_points_worldwide,100000,2.181544,"{'bbox': [-180, -90, 180, 90]}",{}
get_points_as_geojson_str,BoundMappablePoint,100k_points_worldwide,14079827,4.233066,"{'bbox': [-180, -90, 180, 90]}",{}
get_points_as_wkt_str,BoundMappablePoint,100k_points_worldwide,4179969,2.156659,"{'bbox': [-180, -90, 180, 90]}",{}
get_points_as_geojson,BoundMappablePoint,100k_points_worldwide,2077,0.036642,"{'bbox': [113, -43, 153, -10]}",{}
get_points_as_wkt,BoundMappablePoint,100k_points_worldwide,2077,0.032251999999999996,"{'bbox': [113, -43, 153, -10]}",{}
get_points_as_geojson_str,BoundMappablePoint,100k_points_worldwide,292429,0.06687699999999999,"{'bbox': [113, -43, 153, -10]}",{}
get_points_as_wkt_str,BoundMappablePoint,100k_points_worldwide,86782,0.033332,"{'bbox': [113, -43, 153, -10]}",{}
get_points_as_geojson,BoundMappablePoint,100k_points_worldwide,462,0.008897,"{'bbox': [137.834, -10.7, 153.513336, -28.17]}",{}
get_points_as_wkt,BoundMappablePoint,100k_points_worldwide,462,0.008487999999999999,"{'bbox': [137.834, -10.7, 153.513336, -28.17]}",{}
get_points_as_geojson_str,BoundMappablePoint,100k_points_worldwide,65075,0.016319999999999998,"{'bbox': [137.834, -10.7, 153.513336, -28.17]}",{}
get_points_as_wkt_str,BoundMappablePoint,100k_points_worldwide,19313,0.008768,"{'bbox': [137.834, -10.7, 153.513336, -28.17]}",{}
pre_process,GriddedAndBoundMappablePoint,100k_points_worldwide,1.4999999999999999e-05,{},{}
database_delta_info,GriddedAndBoundMappablePoint,100k_points_worldwide,26518020,26518020,0
get_points_as_geojson,GriddedAndBoundMappablePoint,100k_points_worldwide,105,0.821905,"{'bbox': [-180, -90, 180, 90]}",{}
get_points_as_wkt,GriddedAndBoundMappablePoint,100k_points_worldwide,105,0.8006479999999999,"{'bbox': [-180, -90, 180, 90]}",{}
get_points_as_geojson_str,GriddedAndBoundMappablePoint,100k_points_worldwide,15121,0.75327,"{'bbox': [-180, -90, 180, 90]}",{}
get_points_as_wkt_str,GriddedAndBoundMappablePoint,100k_points_worldwide,4435,0.740966,"{'bbox': [-180, -90, 180, 90]}",{}
get_points_as_geojson,GriddedAndBoundMappablePoint,100k_points_worldwide,119,0.015205,"{'bbox': [113, -43, 153, -10]}",{}
get_points_as_wkt,GriddedAndBoundMappablePoint,100k_points_worldwide,119,0.013588999999999999,"{'bbox': [113, -43, 153, -10]}",{}
get_points_as_geojson_str,GriddedAndBoundMappablePoint,100k_points_worldwide,16897,0.016366,"{'bbox': [113, -43, 153, -10]}",{}
get_points_as_wkt_str,GriddedAndBoundMappablePoint,100k_points_worldwide,4992,0.013963,"{'bbox': [113, -43, 153, -10]}",{}
get_points_as_geojson,GriddedAndBoundMappablePoint,100k_points_worldwide,115,0.006899,"{'bbox': [137.834, -10.7, 153.513336, -28.17]}",{}
get_points_as_wkt,GriddedAndBoundMappablePoint,100k_points_worldwide,115,0.006647,"{'bbox': [137.834, -10.7, 153.513336, -28.17]}",{}
get_points_as_geojson_str,GriddedAndBoundMappablePoint,100k_points_worldwide,16235,0.009186999999999999,"{'bbox': [137.834, -10.7, 153.513336, -28.17]}",{}
get_points_as_wkt_str,GriddedAndBoundMappablePoint,100k_points_worldwide,4822,0.006803,"{'bbox': [137.834, -10.7, 153.513336, -28.17]}",{}
pre_process,CachedGriddedAndBoundMappablePoint,100k_points_worldwide,852.27572,{},"{'grid_sizes': [0, 0.015, 0.03125, 0.0625, 0.125, 0.25, 0.5, 1, 2, 4, 8, 16, 32, 64, 128], 'grid_sizes_length': 15}"
database_delta_info,CachedGriddedAndBoundMappablePoint,100k_points_worldwide,26518020,131716216,105198196
get_points_as_geojson,CachedGriddedAndBoundMappablePoint,100k_points_worldwide,299,1.011223,"{'bbox': [-180, -90, 180, 90]}","{'grid_sizes': [0, 0.015, 0.03125, 0.0625, 0.125, 0.25, 0.5, 1, 2, 4, 8, 16, 32, 64, 128], 'grid_sizes_length': 15}"
get_points_as_wkt,CachedGriddedAndBoundMappablePoint,100k_points_worldwide,299,0.374978,"{'bbox': [-180, -90, 180, 90]}","{'grid_sizes': [0, 0.015, 0.03125, 0.0625, 0.125, 0.25, 0.5, 1, 2, 4, 8, 16, 32, 64, 128], 'grid_sizes_length': 15}"
get_points_as_geojson_str,CachedGriddedAndBoundMappablePoint,100k_points_worldwide,42725,0.38012799999999997,"{'bbox': [-180, -90, 180, 90]}","{'grid_sizes': [0, 0.015, 0.03125, 0.0625, 0.125, 0.25, 0.5, 1, 2, 4, 8, 16, 32, 64, 128], 'grid_sizes_length': 15}"
get_points_as_wkt_str,CachedGriddedAndBoundMappablePoint,100k_points_worldwide,12558,0.294112,"{'bbox': [-180, -90, 180, 90]}","{'grid_sizes': [0, 0.015, 0.03125, 0.0625, 0.125, 0.25, 0.5, 1, 2, 4, 8, 16, 32, 64, 128], 'grid_sizes_length': 15}"
get_points_as_geojson,CachedGriddedAndBoundMappablePoint,100k_points_worldwide,330,0.680669,"{'bbox': [113, -43, 153, -10]}","{'grid_sizes': [0, 0.015, 0.03125, 0.0625, 0.125, 0.25, 0.5, 1, 2, 4, 8, 16, 32, 64, 128], 'grid_sizes_length': 15}"
get_points_as_wkt,CachedGriddedAndBoundMappablePoint,100k_points_worldwide,330,0.016878,"{'bbox': [113, -43, 153, -10]}","{'grid_sizes': [0, 0.015, 0.03125, 0.0625, 0.125, 0.25, 0.5, 1, 2, 4, 8, 16, 32, 64, 128], 'grid_sizes_length': 15}"
get_points_as_geojson_str,CachedGriddedAndBoundMappablePoint,100k_points_worldwide,46541,0.021495999999999998,"{'bbox': [113, -43, 153, -10]}","{'grid_sizes': [0, 0.015, 0.03125, 0.0625, 0.125, 0.25, 0.5, 1, 2, 4, 8, 16, 32, 64, 128], 'grid_sizes_length': 15}"
get_points_as_wkt_str,CachedGriddedAndBoundMappablePoint,100k_points_worldwide,13811,0.014613,"{'bbox': [113, -43, 153, -10]}","{'grid_sizes': [0, 0.015, 0.03125, 0.0625, 0.125, 0.25, 0.5, 1, 2, 4, 8, 16, 32, 64, 128], 'grid_sizes_length': 15}"
get_points_as_geojson,CachedGriddedAndBoundMappablePoint,100k_points_worldwide,230,0.008232,"{'bbox': [137.834, -10.7, 153.513336, -28.17]}","{'grid_sizes': [0, 0.015, 0.03125, 0.0625, 0.125, 0.25, 0.5, 1, 2, 4, 8, 16, 32, 64, 128], 'grid_sizes_length': 15}"
get_points_as_wkt,CachedGriddedAndBoundMappablePoint,100k_points_worldwide,230,0.00804,"{'bbox': [137.834, -10.7, 153.513336, -28.17]}","{'grid_sizes': [0, 0.015, 0.03125, 0.0625, 0.125, 0.25, 0.5, 1, 2, 4, 8, 16, 32, 64, 128], 'grid_sizes_length': 15}"
get_points_as_geojson_str,CachedGriddedAndBoundMappablePoint,100k_points_worldwide,32419,0.012518999999999999,"{'bbox': [137.834, -10.7, 153.513336, -28.17]}","{'grid_sizes': [0, 0.015, 0.03125, 0.0625, 0.125, 0.25, 0.5, 1, 2, 4, 8, 16, 32, 64, 128], 'grid_sizes_length': 15}"
get_points_as_wkt_str,CachedGriddedAndBoundMappablePoint,100k_points_worldwide,9625,0.008202,"{'bbox': [137.834, -10.7, 153.513336, -28.17]}","{'grid_sizes': [0, 0.015, 0.03125, 0.0625, 0.125, 0.25, 0.5, 1, 2, 4, 8, 16, 32, 64, 128], 'grid_sizes_length': 15}"
pre_process,MappablePoint,1m_points_worldwide,1.4999999999999999e-05,{},{}
database_delta_info,MappablePoint,1m_points_worldwide,144897144,144897144,0
get_points_as_geojson,MappablePoint,1m_points_worldwide,1000000,30.468436,"{'bbox': [-180, -90, 180, 90]}",{}
get_points_as_wkt,MappablePoint,1m_points_worldwide,1000000,22.549333,"{'bbox': [-180, -90, 180, 90]}",{}
get_points_as_geojson_str,MappablePoint,1m_points_worldwide,140796255,45.53607,"{'bbox': [-180, -90, 180, 90]}",{}
get_points_as_wkt_str,MappablePoint,1m_points_worldwide,41797983,22.4987,"{'bbox': [-180, -90, 180, 90]}",{}
get_points_as_geojson,MappablePoint,1m_points_worldwide,1000000,23.543683,"{'bbox': [113, -43, 153, -10]}",{}
get_points_as_wkt,MappablePoint,1m_points_worldwide,1000000,22.620845,"{'bbox': [113, -43, 153, -10]}",{}
get_points_as_geojson_str,MappablePoint,1m_points_worldwide,140796255,44.81858,"{'bbox': [113, -43, 153, -10]}",{}
get_points_as_wkt_str,MappablePoint,1m_points_worldwide,41797983,23.016557,"{'bbox': [113, -43, 153, -10]}",{}
get_points_as_geojson,MappablePoint,1m_points_worldwide,1000000,23.327541,"{'bbox': [137.834, -10.7, 153.513336, -28.17]}",{}
get_points_as_wkt,MappablePoint,1m_points_worldwide,1000000,22.431223,"{'bbox': [137.834, -10.7, 153.513336, -28.17]}",{}
get_points_as_geojson_str,MappablePoint,1m_points_worldwide,140796255,45.614951,"{'bbox': [137.834, -10.7, 153.513336, -28.17]}",{}
get_points_as_wkt_str,MappablePoint,1m_points_worldwide,41797983,22.947292,"{'bbox': [137.834, -10.7, 153.513336, -28.17]}",{}
pre_process,GriddedMappablePoint,1m_points_worldwide,1.4999999999999999e-05,{},{}
database_delta_info,GriddedMappablePoint,1m_points_worldwide,144897144,144897144,0
get_points_as_geojson,GriddedMappablePoint,1m_points_worldwide,65341,15.88295,"{'bbox': [-180, -90, 180, 90]}",{}
get_points_as_wkt,GriddedMappablePoint,1m_points_worldwide,65341,9.685617,"{'bbox': [-180, -90, 180, 90]}",{}
get_points_as_geojson_str,GriddedMappablePoint,1m_points_worldwide,9260382,11.396763,"{'bbox': [-180, -90, 180, 90]}",{}
get_points_as_wkt_str,GriddedMappablePoint,1m_points_worldwide,2731298,9.75755,"{'bbox': [-180, -90, 180, 90]}",{}
get_points_as_geojson,GriddedMappablePoint,1m_points_worldwide,65341,9.768069,"{'bbox': [113, -43, 153, -10]}",{}
get_points_as_wkt,GriddedMappablePoint,1m_points_worldwide,65341,9.749564,"{'bbox': [113, -43, 153, -10]}",{}
get_points_as_geojson_str,GriddedMappablePoint,1m_points_worldwide,9260382,11.229696,"{'bbox': [113, -43, 153, -10]}",{}
get_points_as_wkt_str,GriddedMappablePoint,1m_points_worldwide,2731298,9.728964,"{'bbox': [113, -43, 153, -10]}",{}
get_points_as_geojson,GriddedMappablePoint,1m_points_worldwide,65341,9.81031,"{'bbox': [137.834, -10.7, 153.513336, -28.17]}",{}
get_points_as_wkt,GriddedMappablePoint,1m_points_worldwide,65341,9.667593,"{'bbox': [137.834, -10.7, 153.513336, -28.17]}",{}
get_points_as_geojson_str,GriddedMappablePoint,1m_points_worldwide,9260382,11.202428,"{'bbox': [137.834, -10.7, 153.513336, -28.17]}",{}
get_points_as_wkt_str,GriddedMappablePoint,1m_points_worldwide,2731298,9.785238,"{'bbox': [137.834, -10.7, 153.513336, -28.17]}",{}
pre_process,BoundMappablePoint,1m_points_worldwide,1.6e-05,{},{}
database_delta_info,BoundMappablePoint,1m_points_worldwide,144913528,144913528,0
get_points_as_geojson,BoundMappablePoint,1m_points_worldwide,1000000,31.223801,"{'bbox': [-180, -90, 180, 90]}",{}
get_points_as_wkt,BoundMappablePoint,1m_points_worldwide,1000000,23.660406,"{'bbox': [-180, -90, 180, 90]}",{}
get_points_as_geojson_str,BoundMappablePoint,1m_points_worldwide,140796255,45.807782,"{'bbox': [-180, -90, 180, 90]}",{}
get_points_as_wkt_str,BoundMappablePoint,1m_points_worldwide,41797983,23.526481,"{'bbox': [-180, -90, 180, 90]}",{}
get_points_as_geojson,BoundMappablePoint,1m_points_worldwide,20273,0.44374399999999997,"{'bbox': [113, -43, 153, -10]}",{}
get_points_as_wkt,BoundMappablePoint,1m_points_worldwide,20273,0.421479,"{'bbox': [113, -43, 153, -10]}",{}
get_points_as_geojson_str,BoundMappablePoint,1m_points_worldwide,2854067,0.776883,"{'bbox': [113, -43, 153, -10]}",{}
get_points_as_wkt_str,BoundMappablePoint,1m_points_worldwide,847016,0.430477,"{'bbox': [113, -43, 153, -10]}",{}
get_points_as_geojson,BoundMappablePoint,1m_points_worldwide,4125,0.09705599999999999,"{'bbox': [137.834, -10.7, 153.513336, -28.17]}",{}
get_points_as_wkt,BoundMappablePoint,1m_points_worldwide,4125,0.06917,"{'bbox': [137.834, -10.7, 153.513336, -28.17]}",{}
get_points_as_geojson_str,BoundMappablePoint,1m_points_worldwide,580737,0.13907,"{'bbox': [137.834, -10.7, 153.513336, -28.17]}",{}
get_points_as_wkt_str,BoundMappablePoint,1m_points_worldwide,172338,0.072893,"{'bbox': [137.834, -10.7, 153.513336, -28.17]}",{}
pre_process,GriddedAndBoundMappablePoint,1m_points_worldwide,1.4999999999999999e-05,{},{}
database_delta_info,GriddedAndBoundMappablePoint,1m_points_worldwide,144802308,144802308,0
get_points_as_geojson,GriddedAndBoundMappablePoint,1m_points_worldwide,105,8.487899,"{'bbox': [-180, -90, 180, 90]}",{}
get_points_as_wkt,GriddedAndBoundMappablePoint,1m_points_worldwide,105,9.301527,"{'bbox': [-180, -90, 180, 90]}",{}
get_points_as_geojson_str,GriddedAndBoundMappablePoint,1m_points_worldwide,15234,8.723073,"{'bbox': [-180, -90, 180, 90]}",{}
get_points_as_wkt_str,GriddedAndBoundMappablePoint,1m_points_worldwide,4453,8.569388,"{'bbox': [-180, -90, 180, 90]}",{}
get_points_as_geojson,GriddedAndBoundMappablePoint,1m_points_worldwide,120,0.249195,"{'bbox': [113, -43, 153, -10]}",{}
get_points_as_wkt,GriddedAndBoundMappablePoint,1m_points_worldwide,120,0.221945,"{'bbox': [113, -43, 153, -10]}",{}
get_points_as_geojson_str,GriddedAndBoundMappablePoint,1m_points_worldwide,17156,0.267644,"{'bbox': [113, -43, 153, -10]}",{}
get_points_as_wkt_str,GriddedAndBoundMappablePoint,1m_points_worldwide,5034,0.212532,"{'bbox': [113, -43, 153, -10]}",{}
get_points_as_geojson,GriddedAndBoundMappablePoint,1m_points_worldwide,129,0.053409,"{'bbox': [137.834, -10.7, 153.513336, -28.17]}",{}
get_points_as_wkt,GriddedAndBoundMappablePoint,1m_points_worldwide,129,0.028464,"{'bbox': [137.834, -10.7, 153.513336, -28.17]}",{}
get_points_as_geojson_str,GriddedAndBoundMappablePoint,1m_points_worldwide,18322,0.029741,"{'bbox': [137.834, -10.7, 153.513336, -28.17]}",{}
get_points_as_wkt_str,GriddedAndBoundMappablePoint,1m_points_worldwide,5416,0.026841999999999998,"{'bbox': [137.834, -10.7, 153.513336, -28.17]}",{}
pre_process,CachedGriddedAndBoundMappablePoint,1m_points_worldwide,9654.719017,{},"{'grid_sizes': [0, 0.015, 0.03125, 0.0625, 0.125, 0.25, 0.5, 1, 2, 4, 8, 16, 32, 64, 128], 'grid_sizes_length': 15}"
database_delta_info,CachedGriddedAndBoundMappablePoint,1m_points_worldwide,144913528,966161528,821248000
get_points_as_geojson,CachedGriddedAndBoundMappablePoint,1m_points_worldwide,299,7.801102,"{'bbox': [-180, -90, 180, 90]}","{'grid_sizes': [0, 0.015, 0.03125, 0.0625, 0.125, 0.25, 0.5, 1, 2, 4, 8, 16, 32, 64, 128], 'grid_sizes_length': 15}"
get_points_as_wkt,CachedGriddedAndBoundMappablePoint,1m_points_worldwide,299,3.640545,"{'bbox': [-180, -90, 180, 90]}","{'grid_sizes': [0, 0.015, 0.03125, 0.0625, 0.125, 0.25, 0.5, 1, 2, 4, 8, 16, 32, 64, 128], 'grid_sizes_length': 15}"
get_points_as_geojson_str,CachedGriddedAndBoundMappablePoint,1m_points_worldwide,43007,3.882393,"{'bbox': [-180, -90, 180, 90]}","{'grid_sizes': [0, 0.015, 0.03125, 0.0625, 0.125, 0.25, 0.5, 1, 2, 4, 8, 16, 32, 64, 128], 'grid_sizes_length': 15}"
get_points_as_wkt_str,CachedGriddedAndBoundMappablePoint,1m_points_worldwide,12566,3.70768,"{'bbox': [-180, -90, 180, 90]}","{'grid_sizes': [0, 0.015, 0.03125, 0.0625, 0.125, 0.25, 0.5, 1, 2, 4, 8, 16, 32, 64, 128], 'grid_sizes_length': 15}"
get_points_as_geojson,CachedGriddedAndBoundMappablePoint,1m_points_worldwide,327,0.20563199999999998,"{'bbox': [113, -43, 153, -10]}","{'grid_sizes': [0, 0.015, 0.03125, 0.0625, 0.125, 0.25, 0.5, 1, 2, 4, 8, 16, 32, 64, 128], 'grid_sizes_length': 15}"
get_points_as_wkt,CachedGriddedAndBoundMappablePoint,1m_points_worldwide,327,0.18065,"{'bbox': [113, -43, 153, -10]}","{'grid_sizes': [0, 0.015, 0.03125, 0.0625, 0.125, 0.25, 0.5, 1, 2, 4, 8, 16, 32, 64, 128], 'grid_sizes_length': 15}"
get_points_as_geojson_str,CachedGriddedAndBoundMappablePoint,1m_points_worldwide,46401,5.134436,"{'bbox': [113, -43, 153, -10]}","{'grid_sizes': [0, 0.015, 0.03125, 0.0625, 0.125, 0.25, 0.5, 1, 2, 4, 8, 16, 32, 64, 128], 'grid_sizes_length': 15}"
get_points_as_wkt_str,CachedGriddedAndBoundMappablePoint,1m_points_worldwide,13677,0.342134,"{'bbox': [113, -43, 153, -10]}","{'grid_sizes': [0, 0.015, 0.03125, 0.0625, 0.125, 0.25, 0.5, 1, 2, 4, 8, 16, 32, 64, 128], 'grid_sizes_length': 15}"
get_points_as_geojson,CachedGriddedAndBoundMappablePoint,1m_points_worldwide,287,0.256813,"{'bbox': [137.834, -10.7, 153.513336, -28.17]}","{'grid_sizes': [0, 0.015, 0.03125, 0.0625, 0.125, 0.25, 0.5, 1, 2, 4, 8, 16, 32, 64, 128], 'grid_sizes_length': 15}"
get_points_as_wkt,CachedGriddedAndBoundMappablePoint,1m_points_worldwide,287,0.151229,"{'bbox': [137.834, -10.7, 153.513336, -28.17]}","{'grid_sizes': [0, 0.015, 0.03125, 0.0625, 0.125, 0.25, 0.5, 1, 2, 4, 8, 16, 32, 64, 128], 'grid_sizes_length': 15}"
get_points_as_geojson_str,CachedGriddedAndBoundMappablePoint,1m_points_worldwide,40721,0.049213,"{'bbox': [137.834, -10.7, 153.513336, -28.17]}","{'grid_sizes': [0, 0.015, 0.03125, 0.0625, 0.125, 0.25, 0.5, 1, 2, 4, 8, 16, 32, 64, 128], 'grid_sizes_length': 15}"
get_points_as_wkt_str,CachedGriddedAndBoundMappablePoint,1m_points_worldwide,12010,0.038426999999999996,"{'bbox': [137.834, -10.7, 153.513336, -28.17]}","{'grid_sizes': [0, 0.015, 0.03125, 0.0625, 0.125, 0.25, 0.5, 1, 2, 4, 8, 16, 32, 64, 128], 'grid_sizes_length': 15}"
